Index	Name	Author	FileName	Tags	Dependencies	URL
0	Mod Configuration Menu	Volitio	BG3MCM_755a8a72-407f-4f0d-9a33-274ac0f0b53d.pak	API, Configuration, UI		
1	ImpUI (ImprovedUI)	bibsan (prev. Djmr / AlanaSP / ShinyHobo / Zee)	ImpUI_26922ba9-6018-5252-075d-7ff2ba6ed879.pak		MainUI, CrossplayUI, PhotoMode	
2	CommunityLibrary	BG3 Community	CommunityLibrary_396c5966-09b0-40a1-af3f-93a5e9ce71c0.pak	API, CMTY, Core, Library		
3	VFX_Library_VladsGrimoire	VladmirFFXI	VladsGrimoire_0dd5b581-c210-4956-ab96-7682fb519de5.pak	Core, Icons, Library, Modder's Resource, Textures, VFX		
4	5eSpells	Celes/DiZ	5eSpells_fb5f528d-4d48-4bf2-a668-2274d3cfba96.pak		GustavDev, Mod Configuration Menu	
5	Expansion	Celes/DiZ	Expansion_a2c4b0fc-e745-41df-81b7-fa53950d86a0.pak		GustavDev, Mod Configuration Menu	
6	UnlockLevelCurve	Charis	UnlockLevelCurve_d903677e-f24b-48ec-ab20-98dcc116a371.pak			
7	UnlockLevelCurve_Patch_5eSpells	Charis	UnlockLevelCurve_Patch_5eSpells_cf0b4eed-8b58-4981-8ab8-bf210d4db97b.pak			
8	TutorialChestSummoning	wesslen	TutorialChestSummoning_505c630c-79fa-49b6-9f21-29a5f2322c2d.pak			
9	BagsBagsBagsReforged	Dor	BagsBagsBagsReforged_38733c1e-1e21-4db8-abdd-7e7599ec05fb.pak			
10	Better Containers 5x5	Caites	BetterContainersfivefive_278fd072-0482-64f9-9d52-d37121db6e7b.pak			
11	Mark Book As Read	FallenStar	Fallen_Mark_As_Read_c72d9f6a-a6e4-48b1-98c0-0ecdc7c31cf7.pak		BG3MCM	
12	BasketEquipmentSFW	AnteMaxx	BasketEquipmentSFW_b200f917-43ec-45d9-9dff-ac6191d62388.pak			
13	✧ Minstrel's Fabled Duo Set ✧	Moon Blossom [TsukiTuzi]	MB0MIN_5cd55777-a62a-4030-946e-e4ea1dc6ac49.pak			
14	VolitionCabinet	Volitio	VolitionCabinet_f97b43be-7398-4ea5-8fe2-be7eb3d4b5ca.pak	API, Core, Library		
15	Soaring Ambition - Ascended Fiend Wings	Nikjima	AscendedWings_3e318204-5535-bb0a-2157-494b71fba26f.pak		DiceSet_01, DiceSet_02, DiceSet_03, DiceSet_06, MainUI, ModBrowser, PhotoMode, CrossplayUI, Gustav, GustavDev, GustavX	
16	ASTRL Tiefling Subraces	Astralities	ASTRLtieflings_167b846f-0a0b-4e0c-a9d0-df448be1320a.pak		Soaring Ambition - Ascended Fiend Wings	
17	Additional Backgrounds	CrimsonEdge7	AdditionalBackgrounds_7ea9ff7a-844a-8892-32de-675bfa75bea8.pak		SharedDev, GustavDev, ImpUI (ImprovedUI)	
18	College of Spirits	Havsglimt	CollegeofSpirits_beb361b4-cb75-4e75-8e54-c38fafeccc32.pak			
19	Customizer	Alana	Customizer_83b4e98f-28b3-4e75-915d-4cf795ec2b74.pak			
20	Toarie's New Character Creation Presets WIP	Toarie	KT_New_Heads_405c762d-8f07-4b91-a1ef-d58a9ec2a0a0.pak			
21	Strong Female Heads 	Dufresne	Strong_Heads_cef3bd38-43eb-4e9e-b3ba-8a96ddcb0e38.pak			
22	Ellian's Heads	hijimare	Hiji_Heads_dee6dde4-f9f5-456b-b7e3-5ac2eb87f87d.pak			
23	PseudoKociaras' Heads EotB	PseudoKociara	PseudoKociaras'_Heads_41624948-bc1f-44ff-a932-4ce1cc0fc309.pak			
24	ASTRL Tiefling Subraces (Bonus Action Patch)	Astralities	ASTRLtieflings_BonusActionPatch_2d391618-52f5-4f9c-b6dd-6f045952843e.pak		ASTRL Tiefling Subraces	
25	Heads (not only) For Tieflings	Torofu	heads333_ef01b0e3-a4e1-1672-84b3-bc63168888af.pak			
26	♡ Mantis' Fantasy Presets	♡ Mantis	MantisFANTASY_fe23f110-715c-4b67-a349-11257eae80f8.pak			
27	♡ Mantis' HOTD Presets	♡ Mantis	MantisHOTD_a18b24d3-3986-4481-94a1-572bd41475af.pak			
28	♡ Mantis' Preset Collection [VOL. I]	♡ Mantis	MantisVOLI_92f9a38d-2429-4d03-8e36-e98534e854b9.pak			
29	♡ Mantis' Preset Collection [VOL. II]	♡ Mantis	MantisVOLII_c35ceb21-ede6-43a4-8d6b-2b9a5e3ecdb2.pak			
30	♡ MANTIS X CEDASTARIONS Lord of the Rings Collection	♡ Mantis	MantisLOTR_0cc7e06b-9a5f-4f8a-b1f5-cb2afa53e6ad.pak			
31	Koralina's Aesthetics - Head Collection	Koralina	CK_Heads_7616f854-3d6d-45b2-a8fd-58324babaa54.pak			
32	Myky's Heads	myky	Mykys_Heads_56f43956-b1cb-43c6-badc-782c1e0def0f.pak			
33	Myky's Heads - EotB Patch	myky	Mykys_Heads_EotB_6861c4bd-5dcb-466b-892d-db9f3ed5a805.pak			
34	Another Face for Laezel	bk0n9	AnotherFaceforLaezel_f1890314-1b79-40ae-9055-3036196645bd.pak			
35	HW_HeadEdits	HeartsWires	HW_HeadEdits_0b051a3d-3f8e-4f12-a6df-a2feca729327.pak			
36	LazyHeads	LazyIcarus	LazyHeads_840e1a86-df25-4f31-b60e-a0f009fe142a.pak			
37	Loulette New Heads	Loulette	Loulette_New_Heads_858e5621-d625-6b87-5b0b-954c0f95f969.pak		DiceSet_01, DiceSet_02, DiceSet_03, DiceSet_06, MainUI, ModBrowser, SharedDev, Gustav, GustavDev, ImpUI (ImprovedUI)	
38	ChaoticNeuThrall Head Pack	ChaoticNeuThrall	ChaoticNeuThrallHeads_31c118e8-d0ce-42b3-85ad-3f07b5466310.pak			
Override	Patches_for_VFX_Heads	Padme4000	Patches_for_VFX_Heads_91bb3015-e00e-4263-b88d-a2e54b0f8424.pak			
40	Ghouls Custom Piercings	Ghouls0Rules	Ghouls_Custom_Piercings_49f60f92-cde9-4621-aeae-7a5c9d412c03.pak			
41	ASTRL Fantasy Skintones	Astralities	ASTRLfantasyskintones_78537082-46a0-42c7-a718-d2dc9950cfdd.pak			
42	ASTRL Natural Skintones	Astralities	ASTRLnaturalskintones_af7f742c-c484-441e-8d06-eda735233068.pak			
43	Half-Tiefs - Flora and Fauna (Custom Horn Pack)	labotor	TieflingHybrids_FF_69919c1f-7e1c-4abc-807c-40e0b747e36d.pak			
44	Alternate Horns for Tieflings	e_resh	Alt_Horns_for_Tiefs(2.0.1).pak		GustavDev	
45	Glitzy Horns	Volno	GlitzyHorns.pak		GustavDev	
46	ASTRL Hair Color Supplement	Astralities	ASTRLhaircolors_525600ac-ca07-4745-a5bc-0a620975e2f3.pak			
47	ASTRL Feywild Eyes	Astralities	ASTRLfeywildeyes_e6eb4b0f-a921-4632-b324-05c0619fcdc1.pak			
48	ASTRL Hair Color Collection	Astralities	ASTRLhaircolorsv2_7a741e61-cf7c-46cc-b1b5-b67fbefd2ff4.pak			
49	ASTRL Hair Color Compatibility Patch	Astralities	ASTRLhaircolorscompatibility_2abc5f1e-d0a9-4cbd-b859-b738a4bbb59c.pak			
50	Tasha's Cauldron of Hairstyles	TashaWeeds	Tasha's_Hairs_22a5106e-1ca0-4fd4-8814-18fad02e8d44.pak			
51	Tav's Hair Salon - Tav's Hairpack	Toarie	DFHairPack_da0b99ca-4406-49c1-bef9-3a08621280a2.pak			
52	Tav's Hairpack - Icon Patch	perseidipity	THSIconPatch_bfad4cdb-0b02-435a-96c7-06c0f6533055.pak		Tav's Hairpack	
53	EotB Main - EyesOfTheBeholder	labotor	EyesOfTheBeholder_00956b6f-8b55-4879-bd46-68d1ba7ef31b.pak			
54	EotB Eye Preset - BlindEyes	labotor	BlindEyes_d04c0ba4-0304-483a-917e-90d982c80e11.pak			
55	xx Head HEL	csxx520	xx_HEL_Head_8377a991-ae75-4286-8841-a9be74aada4d.pak			
56	P4 Horn, Makeup, Lip and Tattoo Colours	Padme4000	P4_CC_Colours_272fdafb-1322-4c19-97da-795a3e12ad98.pak		GustavDev, GustavX	
57	Kylin's Horns	kylin3	Kylin_Horns_a952bb44-2cb5-4e6a-ad7b-b431a2249129.pak			
58	PseudoKociaras' Horns	PseudoKociara	PseudoKociaras'_Horns_c1d7f569-acb3-4c91-8f67-c1e778bfdf62.pak			
59	Horns of Faerûn	Aloija	Aloija_New_Horns_192f57e4-a961-47be-ab94-e70042f9d211.pak			
60	Horns of Faerun Modded Races Patch	Padme4000	horns_of_faerun_patch_cfed36c5-82d2-41c3-a287-f679e96b4ca0.pak			
61	Silver's Hair Pack	Silver	Silver_HairPack_1fd44eaf-a4d2-4de4-9560-51a0c8a63987.pak			
62	Silver's Hair Pack 2	Silver	Silver_HairPack2_c56e4b79-3bf3-446b-b06b-27dc86337663.pak			
63	Tasha's Cauldron of Hairstyles Pack 2	TashaWeeds	Tasha's_Hairs_2_1ccb0216-5a79-4ce6-85e0-a144fc105b9f.pak			
64	Ellian's hair	hijimare	Hiji_Hair_139c922a-7657-4514-b393-0f08e992c985.pak			
65	Honey's Hair Kitchen	HoneyWhite	HairKitchen_2f1c1686-feaf-4ea4-af2c-13085f056ec4.pak			
66	Honey's Hair Kitchen - Hotfix	HoneyWhite	HairKitchenHotfix_94940350-aee8-46fe-900d-fdbd1963a03a.pak			
67	Vessnelle_Hair1	Vessnelle	Vessnelle_Hair1_54ebec6c-00ce-48e1-8b75-53b6b72ecc3a.pak			
68	Vessnelle_Hair2	Vessnelle	Vessnelle_Hair2_d357aca8-e222-4c09-8b49-54354405502e.pak			
69	Vessnelle_Hair3	Vessnelle	Vessnelle_Hair3_fb9c340a-771a-46e8-bc7c-0d40b80c1885.pak			
70	Vessnelle_Hair4	Vessnelle	Vessnelle_Hair4_7661f2db-28a1-44d0-a52a-9485cf9019eb.pak			
71	more_dreads_n_curls_hairstyles	Bububull	Afro_hair_A_52ee7123-bbe3-4f8a-bd62-04327b406cab.pak			
72	more Dreads and curly hairpack 02	Bububull	dreads_n_curls_pack02_67c540ea-c73d-4b55-b70f-6151f1f09aa0.pak			
73	Mythral accessories	hijimare	Mythral_accessories_a5afa0cb-6ec5-409c-a6ee-ed3409321ecc.pak			
74	Noira_Piercing_Improvement	NoiraFayn	Noira_PI_64c12c9f-b7cc-4f4b-b812-e196fb831fb7.pak			
75	AppearanceEditEnhanced	Eralyne	AppearanceEditEnhanced_7b8366bd-abc1-4f9f-ba9d-585549b4a750.pak	Customization, Utility	GustavDev	
76	AppearanceEditOrigins	Eralyne	AppearanceEditOrigins_60de8215-7e9f-4cb6-9763-05aa6aecf257.pak	Customization, Utility		
77	NoRomanceLimit	wilhelmw	NoRomanceLimit_726b130c-6139-11ee-8c99-0242ac120092.pak			
Override	A Visit with Volo - Gale	Yveslight	AVWV_Gale_dc80c0a0-377e-411e-8838-f9a6d25c3745.pak			
Override	MOXI_Aeries_Gale_Dekarios	Moxi	MOXI_Aeries_Gale_Dekarios_719e7b68-4847-4b2a-bef7-32ffc2d8ff66.pak			
80	NF_0_GaleBeardFix	NoiraFayn	NF_GaleBeardFix_d67a8854-3302-6327-b1d0-9934b4bd50bc.pak		GustavX	
81	NF_1_GaleBeardFixPatch	NoiraFayn	NF_GaleBeardFixPatch_d5cd6ca4-4a53-1244-df8d-3dbb4ed1ad67.pak		DiceSet_01, DiceSet_02, DiceSet_03, DiceSet_06, MainUI, ModBrowser, PhotoMode, CrossplayUI, Gustav, GustavDev, GustavX	
82	NF_2_GalePiercings	NoiraFayn	NF_GalePrc.pak		DiceSet_01, DiceSet_02, DiceSet_03, DiceSet_06, MainUI, ModBrowser, PhotoMode, CrossplayUI, Gustav, GustavDev, GustavX	
83	NF_3_Physics_Piercing_Gale	NoiraFayn	NF_PhysicsPIGale.pak		DiceSet_01, DiceSet_02, DiceSet_03, DiceSet_06, MainUI, ModBrowser, PhotoMode, CrossplayUI, Gustav, GustavDev, GustavX, NF_2_GalePiercings	
84	Kylin's Piercings	kylin3	Kylin_Piercings_ec1b65ea-36e9-4469-b01c-07b346a36500.pak			
85	Jerinski_Piercing-Edits	jerinski	jerinski_piercingedits_0cfd5279-f569-4466-9c80-5e78c3a34c11.pak			
86	WrinkleMapeSmoothn	CommanderStrawberry	WrinkleMapeSmoothn_e8c6faa2-6f45-42f6-9529-4188dcd70f14.pak			
87	Fancy Camp Clothes	pooteeweet	PTW_Camp_Gear_9200b207-328e-4432-98e8-88a6cd735511.pak			
88	John Zyxx's Astral Dice	John Zyxx	AstralDice_ad8785cd-a00e-3365-0029-4ff66600d48c.pak		GustavDev	
89	John Zyxx's Eldritch Fire Dice Set	John Zyxx	EldritchFire_20ac53ee-0ceb-ad38-5add-73fcf0730b47.pak		GustavDev	
90	John Zyxx's Faerie Fire Dice Set	John Zyxx	FaerieFire_0b659105-1f9a-25a3-da18-b35216d295f9.pak		GustavDev	
91	John Zyxx's Ghost Fire Dice Set	John Zyxx	GhostFire_8d3f6b3d-c9a9-cd20-19ad-2881cc4a5521.pak		GustavDev	
92	John Zyxx's Sacred Fire Dice Set	John Zyxx	SacredFire_5652d179-821c-e21e-bf7b-ea4031071c40.pak		GustavDev	
93	JohnZyxx's Galaxy Dice Set	JohnZyxx	GalaxyDice_cdefdf94-642a-42ba-ade7-e8a1ad83d8c7.pak			
94	Aether's Rose Gold Die	Aetherpoint	AethersRoseGoldDie_8e1a6ccf-78d5-4a6f-b478-530bab71b04e.pak			
95	Ice Dice	Palmaman33	Ice_Dice_0007c8ec-aec3-4cfc-9177-633ebc56f87c.pak			
96	Cloud Dice	Lisannissan	Clouds_56804c4a-5cad-40ed-91e0-45beef7c69e7.pak			
97	Cold Crystal Dice	RubenLime	IceDice_92f24c30-9848-4fa6-9428-89c3190caf5e.pak			
98	EilistraeeDice		EilistraeeDice_3c77514b-7df9-c676-2bd5-10acd5dad7f9.pak		GustavDev	
99	Infernal Dice	SeanConnorX0	MagDice_748889fd-8ef9-4241-912b-b89b2d957589.pak			
100	Lesbian (WLW) Flag Dice	Frozenoj	WLWDice_70fc4b47-8298-4b7d-8e47-730c972a5fce.pak			
101	Leather N' Bone Dice	RubenLime	bonedie_30686a3e-f413-4e79-be69-cc5955fdcc84.pak			
102	Lolth Dice	EllieGreenArt	LolthDice_ee78b4f6-6543-2905-93a5-f4d1eeaf381d.pak		GustavDev	
103	Magma1	dimetequiero	Magma1_215b9cc2-3d2f-46e3-b6ed-ba73dae3f83b.pak			
104	Magma2	dimetequiero	Magma2_9928c8ec-7249-4aba-8cb2-1f0ad2361157.pak			
105	Magmatic Hell	Gonzy42	Magmatic Hell_d6d6cd53-f648-4adc-9282-f29de4c214a0.pak			
106	Mango Prism Dice	EllieGreenArt	MangoPrismDice_31420378-47f1-4d3d-b9ae-e446200db6b4.pak			
107	MLM Flag Dice	Frozenoj	MLMDice_ed3cc572-a53a-4675-9c1c-5161ee24dbdc.pak			
108	Moonlilia's Mystral Magic	Moonlilia	Mystral Magic_83de63c7-6242-470c-8456-a7d73b6cfde5.pak			
109	Moonmaiden's Favor 	SeanConnerX0	SeluneAltDice_4e802d57-8064-4238-88d8-3f6d6523d3d6.pak			
110	MorningLordDice		MorningLordDice_b5fe1bc8-fec3-92ee-afbb-eaf84ef0264a.pak		GustavDev	
111	Nonbinary Flag Dice	Frozenoj	EnbyDice_fee2f74d-c48a-4ffb-816a-13f774703716.pak			
112	Old English Dice	RubenLime	Old English Dice_874329a2-b1fc-4ff7-8e75-a940a317e025.pak			
113	Shadowheart's Twilight Dice	Jenevelle Hallowleaf	ShadowheartTwilightDice_bc444d2e-16c1-4206-8a93-eb783064b067.pak			
114	StarredSky	dimetequiero	StarredSky_247c5bf0-72dc-4b4a-8601-7c04a082bb57.pak			
115	OrangePastel	Anec	OrangePastel_b9a2c983-9bfa-48ce-b470-0ff77ef63207.pak			
116	Sunset Prism Dice	EllieGreenArt	Sunset Prism_ea61d7c0-349a-4064-a467-c658b237aa2e.pak			
117	SharDice		SharDice_da3a7a5c-aee6-42f1-16f3-ac8dd0568dd2.pak		GustavDev	
118	Simple Watermelon Dice	Magnetuning	MGNTN_WatermelonDice_c73b8909-314e-409d-aa27-ba5a8da1cbb1.pak			
119	PastelDice	PastelDice	PastelDice_3168ecc2-5147-432c-8178-bf9a39669d52.pak			
120	PathofNightmaresDice		PathofNightmaresDice_2c7ce694-2d08-1cfc-3ee1-4aa94d7be731.pak		GustavDev	
121	Pink Crystal with Hearts Dice	Lisannissan	PinkCrystalwithHearts_a0f1dd4d-91f1-4eab-9e6a-f02b8880f0db.pak			
122	Pink Hearts Dice	Lisannissan	PinkHearts_7455639a-69a8-4f00-b8af-24867d1d35a4.pak			
123	Pinkpastel	Anec	Pinkpastel_f7e9b086-250e-4ab8-96fd-b9a5bc222787.pak			
124	Aetheryte Dice	EllieGreenArt	AetheryteDice_b0baeadd-3032-4579-b4fe-149f582ee531.pak			
125	Algae Bloom Prism Dice	EllieGreenArt	AlgaeBloomPrism_eb5d3dec-a4b3-4f9a-b4be-043d029d095a.pak			
126	Amethyst Dice	Crystallis	AmethystDice_44fa5e9e-4630-44d4-8fe1-0457fac7614c.pak			
127	Arcane Dice Set	SeanConnorX0	ArcaneDice_e222094b-b5f6-4173-b7a0-0b119f296b39.pak			
128	Arcane Jinx Die!	Jinx, durr	JinxArcaneDice_97e63035-0afb-4627-bad0-0568c8837d53.pak			
129	Golden Death Dice	RubenLime	Goldendeath_ee606255-e4a4-496a-8497-1ca38af7d3fb.pak			
130	Ace Flag Dice	Frozenoj	AceDice_9629ae42-1781-4d13-a95a-5c5b860ecaa6.pak			
131	Diamond Dice	Anec	anecDice_3316f1e0-9ed2-4493-967e-80a3a826c72e.pak			
132	Blueberry Bliss Dice	 MentalHygiene	BlueberryBliss_79beb0c1-340d-45ea-b112-569a7df9f2e7.pak			
133	Glassy Gleam Dice	 MentalHygiene	GlassyGleam_42273b05-58d8-4fc1-a1e6-16d034c7d828.pak			
134	Bisexual Flag Dice	Frozenoj	BiDice_3e7cae0f-754e-4d50-aea9-b94e9b26d613.pak			
135	Blue Silk Dice with hearts	Lisannissan	Blue Silk Dice with hearts_358f5c02-84d0-4e9e-83c1-fed8230e99d0.pak			
136	BluePastel	Anec	BluePastel_58931f8f-5b11-45cb-b896-134a6447be27.pak			
137	BoneSkull	dimetequiero	BoneSkull_43a6eb9f-b518-424d-8a60-054e6b73f6a3.pak			
138	Blood Aetheryte Dice	EllieGreenArt	BloodAetheryte_c9c5fef3-37b5-40d0-9f1c-93b2b086c14c.pak			
139	CheckersGold	dimetequiero	CheckersGold_751e00d8-ef3f-432d-b93f-88da3f222a10.pak			
140	Crescent Brother Dice	EllieGreenArt	CrescentBrotherDice_bb41eb55-ff01-52a2-5373-82ff13d60287.pak		GustavDev	
141	Dark Justiciar Dice	RubenLime	Dark Just dice_6eaf9c0e-3935-4441-8699-f013501d6ba3.pak			
142	Dice Galaxy Nebula	dimetequiero	NBL WB_56714631-494f-4da7-919f-4149b2d13d96.pak			
143	Dice Nature - Blue	dimetequiero	Dice Nature - Blue_7e5eda56-6669-4eea-ac7d-d0489ba853d8.pak			
144	Dice Nature - Emerald Green	dimetequiero	Dice Nature - Emerald Green_3371b879-76b9-4fb0-8bd8-dddb90f4d2a3.pak			
145	Dice Nature - Green	dimetequiero	Dice Nature - Green_a4c7b0cd-e56b-416c-b78b-f343db7647d6.pak			
146	Dice Nature - Pink	dimetequiero	Dice Nature - Pink_629b2cf0-01dd-4583-8bdc-8985584879c8.pak			
147	Dice Nature - Red	dimetequiero	Dice Nature - Red_f0f41f9e-da86-436d-a1d1-1196ce55bac7.pak			
148	Dice Nature - Yellow	dimetequiero	Dice Nature - Yellow_f91f602f-57d0-405a-aa91-969f3c7e76ef.pak			
149	Ghost Cage Dice	Kreiyu	ghost cage_7c70c137-7a4f-4b74-b851-b52abd177b25.pak			
150	Grape Lime Rickey Dice	Kreiyu	grapelimerickey_a3fc9aa6-c55d-4822-b4cf-1b00f001ee23.pak			
151	Green Stained Glass Dice	EllieGreenArt	GreenStainedGlassDice_4c9a2c08-38f2-4765-8a53-a22f40b65e22.pak			
152	Greenpastel	Anec	GreenPastel_7882b45c-0032-4131-ab57-8dd8a6ae13c6.pak			
153	GruumshDice		GruumshDice_dcc03242-e99a-f4ae-64ee-1c104ec23028.pak		GustavDev	
154	Happy Face Dice	Lisannissan	HappyFaceDice_d5d85426-dcaa-41be-953e-ce8beaa024cd.pak			
155	DolorDice		DolorDice_5460b44e-2bf7-473d-288d-c9439b60b512.pak		GustavDev	
156	FeywildDice	EllieGreenArt	FeywildDice_5cd5cdb0-382e-b5b5-1781-1eb3eb630ca3.pak		GustavDev	
157	FireballDice		FireballDice_e6daee50-3c37-bf3c-9f42-ef727dc23cbb.pak		GustavDev	
158	Emerald Dice	Palmaman33	EmeraldDice_ce2756fd-b970-4bc3-a865-628318629b56.pak			
159	Lavender haze dice	 MentalHygiene	LavenderHaze_84e98e22-75c5-4f1e-a868-ca52c3b19fb7.pak			
160	Aurora Borealis Dice	lunarRaven91	AuroraBorealisDice_a8ce38a9-2753-45db-912f-bc479ab272ea.pak			
161	BahamutDice		BahamutDice_278522b6-45bb-e3e5-369a-4eb9db133d57.pak		GustavDev	
162	BaneDice		BaneDice_34e144ba-c4b5-5ab2-06b0-f288ad6fb729.pak		GustavDev	
163	Lilac Cream Dice	 MentalHygiene	LilacCream_4b4a5142-42b1-41a6-9b35-63f991dbf20e.pak			
164	Mellow Mint Dice	 MentalHygiene	MellowMint_35aa9457-14c8-4cb7-9251-b04ccd0a2bd7.pak			
165	Pink Luminary Dice	 MentalHygiene	PinkLuminary_e6e87aa2-5baa-4d9d-887e-f48d4eacd196.pak			
166	Pink Milk Dice	 MentalHygiene	PinkMilk_dd5796ec-a5d3-4a48-938c-c1e359e0e870.pak			
167	Raspberry Crystal	 MentalHygiene	RaspberryCrystal_74b6bfc1-dd7c-4a5c-a148-f64f9aeb6213.pak			
168	Rose Crown Dice	 MentalHygiene	RoseCrown_19cf3023-b22b-46ce-b2aa-357aa26f7d20.pak			
169	Iridescent Pastel Dice	Lisannissan	IridescentPastel_37c66f75-bd2e-4530-9be3-1fc82338aeaa.pak			
170	Iridescent Pastel Heart Ver	Lisannissan	IridescentPastelHeartVer_0f2219ac-4d62-4a99-9fc2-cd7bb77e10ab.pak			
171	Iridescent Pearl Dice	EllieGreenArt	IridescentPearlDice_4270d77d-5448-d88d-4d2b-dd1649b9f9f4.pak		GustavDev	
172	ContainedMagic	dimetequiero	ContainedMagic_6127cc5c-a74f-4e34-a308-456c946db00b.pak			
173	Hellish	dimetequiero	Hellish_8657926d-dd7f-49d4-bf0f-7f8d31406af9.pak			
174	Retro Prism Dice	EllieGreenArt	RetroPrism_e63f6385-be4b-4436-bd94-82cb8c66311a.pak			
175	ElectricBlue	dimetequiero	ElectricBlue_1ddc224a-90ac-41e2-85f1-91e109ce5559.pak			
176	ElectricRed	dimetequiero	ElectricRed_f07814cd-9e02-47f4-b7bb-e9dbcf441d93.pak			
177	PlasmaBlue	dimetequiero	PlasmaBlue_312380e4-87ca-4b22-86dc-a6bfb6f8506a.pak			
178	PlasmaGreen	dimetequiero	PlasmaGreen_aac1576c-bea1-4dd0-a004-80ea2c0d08d2.pak			
179	PlasmaPurple	dimetequiero	PlasmaPurple_745e818e-0d03-43b6-840b-0bc22d5092ff.pak			
180	PlasmaRed	dimetequiero	PlasmaRed_271795c6-2548-411b-b272-c0b0fdeb6538.pak			
181	PureGold	dimetequiero	PureGold_7a8c944d-92ae-4c4e-be72-66b361b4b1cf.pak			
182	Purple Hearts Dice	Lisannissan	PurpleHearts_1356334c-5bab-4cb3-8ca3-0da49ef6d64e.pak			
183	Purplepastel	Anec	Purplepastel_f8f44d4c-4066-41ee-978c-c39ab6b6a665.pak			
184	Rainbow Prism Dice	EllieGreenArt	RainbowPrism_700e5512-9143-4dd1-a35b-f61e810e574a.pak			
185	RosymornDice		RosymornDice_a342f648-c07d-e94a-a2ae-7bcfe7a3964c.pak		GustavDev	
186	Stained Glass Dice	EllieGreenArt	SainedGlassDice_370839b8-b9f1-4a8e-b646-d00fade45d56.pak			
187	RunaDice		RunaDice_674d9c03-b747-dfe0-24c9-3238dafb5e5d.pak		GustavDev	
188	SakuraDice	TsukiSoft	SakuraDice_f209cb7a-e667-492a-858d-cda559da67a0.pak			
189	SeluneDice		SeluneDice_5feeed97-d8b8-044b-261a-e48f52497625.pak		GustavDev	
190	Selûnite Dice	SeanConnorX0	SelDice_650af4d1-ffe2-487b-8643-c14056fd8b3c.pak			
191	Underdark Dice	EllieGreenArt	UnderdarkDice_d3c8e681-6abf-9476-25a1-909e9d403477.pak		GustavDev	
192	WaterballBlue	dimetequiero	WaterballBlue_464b3617-067e-4be5-b2be-d32893a04b5a.pak			
193	WaterClear	dimetequiero	WaterClear_5e37c2c6-85c3-4296-bbac-afb886ccf3a8.pak			
194	WaveryMagicBlue	dimetequiero	WaveryMagicBlue_608c93d3-5307-4e37-9deb-6739d5688365.pak			
195	WaveryMagicRed	dimetequiero	WaveryMagicRed_1aac51a1-3534-4ad6-ba89-055aa9af2092.pak			
196	Wavy Pink Checkered Dice	Lisannissan	WavyPinkCheckers_efb22a1b-e2d6-4743-86b4-a072ba16e60c.pak			
197	Strawberry Gummy Dice	 MentalHygiene	StrawberryGummy_1fd3c66b-6952-486a-8364-d5e67c636b71.pak			
198	Ritual Misty Step	Joco	Ritual Misty Step_352b78cf-716c-4bcc-8e4f-a4365a9322de.pak			
199	Zhentarim Hideout trader sells inaccessible gear	PhyniX5	Zhentarim Hideout trader sells inaccessible gear_075d4976-8fb9-4131-97e2-9e8e9f58c306.pak			
200	Auto Use Soap	Volitio	AutoUseSoap_cabed99e-5db6-4f0d-a69f-d49e8a20e663.pak		Volition Cabinet, Mod Configuration Menu	
201	Tara	JonHinkerton	Tara_a5499b8a-0532-468e-9a11-4473d0513139.pak			
202	Skeleton Key	Faane	Skeleton_Key_c9327dea-fd58-4803-a201-27a678943ffc.pak			
203	Origin Cloaks	JonHinkerton	SignatureCloaks_9448e85f-dd88-4182-b695-39fd8c8d735b.pak			
204	HW_RandomCorset	HeartsWires	HW_RandomCorset_314520e9-036c-44c7-8ac0-fbf4f38bbff1.pak			
205	Origin Weapons	JonHinkerton	SignatureWeapons_973068ec-062c-494d-9a7f-104ef0d7f645.pak			
206	LegendaryItems	Oiff	LegendaryItems_061529e0-ddab-402e-a3ed-53caf7701290.pak			
207	LegendaryItemsLootTables1	Oiff	LegendaryItemsLootTables1_e956d624-aaf0-4fc0-8604-9b111a3c55d5.pak			
208	BasketEquipmentCampClothing	AnteMaxx	BasketEquipmentCampClothing_cffcf7ef-0b83-4ece-ad06-12a32f93e982.pak			
209	BloodOfLathanderReDivined	NukaCola069	BloodOfLathanderReDivined_c77763a2-5770-4611-8e8e-415ac06ad7d6.pak			
210	Infernal Sorceress	arideyya (tuckingfypo2)	InfernalSorceress_24d263bd-5708-466a-8b95-9200d1fbbf2b.pak			
211	Enchanted Threads	arideyya	EnchantedThreads_4c33ca00-7668-4c41-97a4-5572950da4a6.pak			
212	Carry Weight Increased 9000	Mharius	Carry Weight Increased 9000_92af0ebd-a04c-4e9c-8306-b947aac4c127.pak			
213	Arcane Aegis	arideyya	ArcaneAegis_74587bec-0499-48d1-9b6c-25c38afddbac.pak			
214	Blood Hunters Armour	arideyya	BloodHuntersArmour_8ab08dbc-9aca-414d-9ddf-3874995f9835.pak			
215	Athena's Chiton	arideyya	AthenasChiton_9d3d2e26-9fd8-45c7-a7f5-6476265e33a8.pak			
216	Dragon's Snare	arideyya	DragonsSnare_f2967dbb-9658-4af1-9ed4-f40de11006d7.pak			
217	Hiwar Al Turab	arideyya	HiwarAlTurab_e8f06280-19fe-44c8-a38d-39f9f0981356.pak			
218	Lady of the Spores Dress	arideyya	LadyoftheSporesDress_0a11ff9f-e14b-4d4a-9a9f-1a61d5346dd7.pak			
219	Lightcrown Dress	arideyya (tuckingfypo2)	LightcrownDress_7a39f515-8773-4967-8688-0ed4f40e3016.pak			
220	PersephonesGift	arideyya	PersephonesGift_1996b281-71a1-4ba3-a895-a7ecf0814b87.pak			
221	Xena's Armour	arideyya	XenasArmour_4b6f0320-996f-410e-9c9b-1bd3f857c6be.pak			
222	Sylvan Songweave Dress	arideyya (tuckingfypo2)	SylvanSongweaveDress_548182b2-7634-4685-8ba2-24b16c431139.pak			
223	CBR_Dresses_Shirts_RB	Cerberry	CBR_Dresses_Shirts_6ce553dc-7c78-4e1d-9c66-cf7655d67be2.pak			
224	DruuBG3Outfits	Druundev	DruuBG3Outfits_32d8ef2d-7b65-49f3-8eba-59235ff92cdd.pak			
225	EldertideArmament	Proxeuz	EldertideArmament_22b848d1-5fff-4f76-a4f8-8461721e6112.pak			
226	Indoct's Better Raphael Outfit - Decadent	indoct	BetterRaphaelFit_0b473704-7ac7-41ec-be76-3b5dc5510c34.pak			
227	lokelani's lavish livery	lokelaniii	lavishlivery_df35c952-9f35-4cb8-ba78-fc00a7005c84.pak			
228	MIXARMOUR	dtdta	MIXARMOUR_5f313ebd-b214-4f64-8255-ae4a3acb2624.pak			
229	Ziva_CrossCut_Dress	EzioMaverick	Ziva_CrossCut_Dress.pak		GustavDev	
230	OBSC_Ataraxia_Dress	Obscen1ty	OBSC_Ataraxia_Dress_5888ad87-e726-471d-8a7b-6a36d69311b3.pak			
231	MoonshinePoet	Askew	MoonshinePoet_f029c859-baf4-4161-9cf8-b9eb60341537.pak			
232	BW_Liliths_Armors	badwitch69	BW_Liliths_Armors_f6aee620-3379-ce64-a475-709167607c69.pak		GustavDev	
233	BW Extra Shields	badwitch69	BT_Extra_Shields_5389d935-65e1-49b2-8116-c78e283de5c6.pak			
234	BW_Lovely_Dresses	badwitch69	BW_Lovely_Dresses_4cecbeb1-b06d-2260-3f03-05123555a26f.pak		GustavDev	
235	BW_ER_Hoslow_Armor_Edit	badwitch69	BW_ER_Hoslow_Armor_Edit_b08bcd7c-98fd-a202-8086-2e550c2dd8d0.pak		GustavDev	
236	BW_Lord_Rabenherz	badwitch69	BW_Lord_Rabenherz_eda0e811-cff8-662f-e1e0-b52c6bfe874e.pak		GustavDev	
237	BW_Dark_Druid_Set	badwitch69	BW_Dark_Druid_Set_b40c7801-e4f5-51b9-1479-0811a8a713f3.pak		GustavDev	
238	BW_FF_Cloud_Saber_Set	badwitch69	BW_FF_Cloud_Saber_Set_7cfabd5b-0b38-c2d5-2526-8ab50af51de0.pak		GustavDev	
239	Dynamic Sidebar	Caites	DynamicSidebar_1e649013-e371-953e-3839-07f02fe1cffa.pak		ImpUI (ImprovedUI)	
240	Better Hotbar [Vova's Edition]	Vova2112	BetterHotbar_191c52f3-07bb-f83e-e1db-bb06ea262000.pak		ImpUI (ImprovedUI), GustavX	
241	Better Map	Caites	BetterMap_02ffe10e-ac53-8877-a3d5-3098fdbb8f5b.pak		ImpUI (ImprovedUI)	
242	BW_Bhaalist_Armor_Set	badwitch69	BW_Bhaalist_Armor_Set_c4b91362-a425-c4ca-5dea-196d9ac99090.pak		GustavDev	
243	BW_Shields_of_the_Fallen	badwitch69	BW_Shields_of_the_Fallen_5bc8b3bd-956e-c70f-8662-16cce24d3f1d.pak			
Override	BetterMapAssets	Caites	BetterMapAssets_304dea97-faed-44d4-a39c-66d2824b5b35.pak			
245	CBR_Witcher_Manticore	Cerberry	CBR_Witcher_Manticore_2913441e-0cb8-43b2-af37-ebb73fe4fee9.pak			
246	CL_Grim Visag'd War - Fighter Gear	copperleaves	CL_Grim_Visagd_War_FighterGear.pak		GustavDev	
247	Love and Deepspace v2	Askew	LaDSv2_c333e38e-a3d1-42b1-984a-6d5a8db1744b.pak			
248	OBSC_Fickle_Mistress	Obscen1ty	OBSC_Fickle_Mistress_5eca96ae-69eb-41a0-92fa-765a2d272d06.pak			
249	Lunar Sorceress	TashaWeeds	TW_Outfits_LS_633fde91-01d6-482e-9ee6-273a30be594c.pak			
250	Botines	aruless	Botines_acf0aaa4-c3eb-4e5d-9d2e-1d5f9be58d72.pak			
251	Botines Dyes	aruless	BotinesD_b50ac9fc-5aea-41df-a885-7ac549a891c6.pak			
252	SongweaversOutfits	HeartsWires	SongweaversOutfits_2dcc253a-b866-6875-4c31-a48112b799e6.pak		GustavDev	
253	CL_Leaves of Grass - Druid Gear	copperleaves	CL_LeavesofGrass_DruidGear.pak		GustavDev, GustavX	
254	Black Off Shoulder Dress	Monn	BlackOSDress_4d70ea6c-5ab4-4384-908c-c69f7f71c10d.pak			
255	Off shoulder dress with flowers	Monn	BOSDflowers_6aa5e5c2-9ae9-4840-ab8c-4ff529fae5c8.pak			
256	Myky's Tintable Piercings - AIO	myky	Mykys_Tintable_Piercings_b5377116-0017-69b4-059e-79c488f86889.pak			
257	Myky's CC Color Collection	myky	Mykys_CC_Color_Collection_96e19744-cf28-5223-b445-06471230386a.pak			
258	Ambassadors Raiment	arideyya	AmbassadorsRaiment_97b81b68-4ad9-4f2f-9db2-bdb8162979fb.pak			
259	The Ambassador's Regalia	arideyya	TheAmbassadorsRegalia_5673a59e-f080-4f0a-a0d0-59a76d720cd1.pak			
260	Ambassador's Vestments 	arideyya	AmbassadorsVestments_f4d26d27-3f31-4c4a-9834-993e0b5f54d3.pak			
261	Orochigago's Equipment Homebrew Library	Orochigago	Orochigagos_Equipment_436f90ee-50c7-42c4-91c7-f922d97acb82.pak	Weapon		
262	Orochigago's Equipment Homebrew Library Vol.2	Orochigago	Orochigagos_Equipment_2_b0d3c3da-3cd8-486c-bbd7-572da0951101.pak	Weapon		
263	Paladin and Cleric Gear	pooteeweet	PTW_Gear_Paladin_92d48458-fec4-440f-af56-9a2f218cd74b.pak			
264	PhalarAluveLegendary	lautasantenni	PhalarAluveLegendary_334a23f0-276a-465d-8544-961eeb637b84.pak			
265	DAI Outfits	TashaWeeds	TW_Outfits_DAI_e27193d8-e1b1-436a-ab5e-f914a7bc55f4.pak			
266	DAV Crow Outfit	TashaWeeds	TW_Outfits_DAV_428d65d4-3e4a-470d-b49a-dd171c181285.pak			
267	DAV Imperium's Resolve	TashaWeeds	TW_Outfits_DAVI_1db5ed85-52bf-47fc-a4f1-7c4e820a0975.pak			
268	AmuletOfRituals	Hu5k	AmuletOfRituals_842fd505-28b9-407b-95cc-e881c4989e2b.pak			
269	Astromancer robes	Bububull	Lara_dorren_dress_80748b84-8167-4dab-8dd6-c3772e39f2de.pak			
270	Karlach's Long Hair	TashaWeeds	Karlach's_Hair_04a92aed-1410-44fc-9a56-0798f25dd2a3.pak			
271	MyshkaComesToCamp	adriant1978	myshkacomestocamp_ec242417-f14-0m0m.pak		GustavDev	
272	Astarion's Earring	bubble-bones	Ast_Ear_526316d8-21f9-48e9-b605-affbe34c30bb.pak			
273	Alluring Astarion - Young	suro	yng_altstarion_fc560ee8-6dc6-459d-bcb2-4ba26662952a.pak			
274	FANG's Dress	Kascayde	FANGs Dress_a1e0e7e7-47db-41c6-823b-ae05b3d83b9b.pak			
275	CloaksOfFaerun	Araelynn	CloaksOfFaerun_057cb283-8dfa-4f3f-b8d1-a2f854c18dff.pak			
276	KvCampEvents	Kvalyr	KvCampEvents_1b8d381f-6210-4473-85be-600457267a87.pak			
277	Teleport To You	FallenStar	Teleport_To_You_ff4697d0-133a-4d23-802b-f99f0e5210db.pak			
278	BCPP 1610 4 5x9	Caites	BCPPsixteenten_d871f434-8f7e-893e-3de9-3eb99fa95e61.pak		ImpUI (ImprovedUI)	
279	CBR_Astarion_Gear	Cerberry	CBR_Astarion_Gear_88472061-89a9-43b7-91d6-651e6005f738.pak			
280	RingOfMinorRituals	LtSquigs	RingOfMinorRituals_84195737-0bb0-4cc2-bb11-82b42e804a12.pak			
281	ModularCiri	wesslen	ModularCiri_8d728345-dd5b-49f7-aaf8-f4a08733b243.pak			
282	Yogurt's Noble Couture	Yogurtdrink	YogurtdrinkNobleCouture_a7c860c0-67ce-4b4a-8bb6-7476a82f766f.pak			
283	Anna-Henrietta's Wardrobe	Bububull	Annarietta_wardrobe_1e386be2-8902-4433-8bf2-bd4b89ef36b0.pak			
284	More Mage Gear	pooteeweet	PTW_Sorcerer_94fed047-7d79-41e3-9d1c-1a3b3de781e4.pak			
285	TransmogEnhanced	Eralyne, Wayden	TransmogEnhanced_82c1f53b-5ed3-4e2e-95f5-f84ca6ff0c81.pak	Customization, Utility		
286	Rings Expanded - Immersive	Seymordius	RingsExpanded_fa41c246-4a9f-4c6b-9514-8f61c49abe98.pak			
287	PK Armors and Clothes	PseudoKociara	PK_Armors_N_Clothes_04b2bfdb-de2a-41e6-8798-011165cbd40e.pak			
288	PK Haunted Sea Set	PseudoKociara	PK_Haunted_Sea_42667d38-77c3-46bf-9739-e1dad754801a.pak			
289	RaritiesOfTheRealms	clintmich	RaritiesOfTheRealms_d23881c2-f6b5-4e64-a2fe-f55c9538ab1e.pak			
290	P4 Unique Companion Equipment	Padme4000	unique_companion_eq_48a805c2-160a-4e93-b72e-18e98a443c6b.pak			
291	SpawnTutorialChest	Syrchalis	SpawnTutorialChest_210daf61-48c2-4b4b-a1e0-5a2e022a8106.pak			
292	Better Various Widgets	Caites	BetterVariousWidgets_2f8f216d-dd2a-7731-cf1e-9d6bae9eb04a.pak			
293	BetterTooltips	Caites and juumeijin	BetterTooltips_bc1081b4-e2a9-ce49-8b60-6f64b7eecce4.pak			
294	CPCCE	Caites	CPCCE_a2f25ffd-0c2f-4673-ad5d-bbe783e95564.pak		ImpUI (ImprovedUI)	
295	Ember's Lute (A Music Performance Mod)	Ariefel	EmbersLute_81466e63-9b81-1715-5188-5eecf54622e6_17ed9aa5-40e7-4c49-ac10-a0feb1ffeaa9.pak		DiceSet_02, DiceSet_03, DiceSet_06, MainUI, ModBrowser, PhotoMode, CrossplayUI, DiceSet_01, Gustav, GustavDev, GustavX	
296	Ember's Lute (Haunted Instruments)	Ariefel	EmberLute_UndeadViolin_eedc65fd-6c9c-f0ba-8f89-31e0bd7b0566_f54e6e99-44dd-4d32-a5f4-4620f2f03f3d.pak		GustavDev, Ember's Lute (A Music Performance Mod)	
297	Ember's Lute (Celestial Instruments)	Ariefel	EmberLute_CelestialLyre_4374c4e1-be02-d9c9-b47a-429f0504f76b.pak		GustavDev, Ember's Lute (A Music Performance Mod)	
298	Better Target Info	Caites	BetterTargetInfo_1186f940-7338-fe24-6649-aff698541b7f.pak		ImpUI (ImprovedUI)	
299	Better Topbar	Caites	BetterTopbar_d9582df8-6eef-a756-117f-965e22007ff6.pak		ImpUI (ImprovedUI)	
300	Better Context Menu	Caites	BetterContextMenu_f9dd909a-3607-f8e1-da13-b795884f68b5.pak			
301	Better Combat Log Default	Caites	BetterCombatLogDefault_9757088d-43ff-9c67-1a53-365f2d6fea94.pak		ImpUI (ImprovedUI)	
302	Better Split Item	Caites	BetterSplitItem_76e493c7-d7f4-217f-2a3e-61e17c61dedf.pak		GustavDev	
303	Damage Preview	Caites & Noxis	DamagePreview_0e6b886d-c51f-75fb-f9bd-cf9c0c363c5b.pak		ImpUI (ImprovedUI)	
304	MoreReactiveCompanions_Configurable	LightningLarryL	MoreReactiveCompanions_Configurable_2b1e81bb-d0aa-4617-b3e9-271c7b02f252.pak			
305	NoInspCap	FrozenLayer	NoInspCap_dc79d211-7095-4759-b64a-6df30fc3cf0d.pak			
306	featsextra	LostSoulMan	featsextra_0c036a05-f3e4-4422-87bd-eadadf96c161.pak			
307	Best Boy	oogabooga66	Best Boy_23721f8c-0ebf-411b-833d-cc6860762f78.pak			
308	FireproofKarlach	Belinn	FireproofKarlach_0d77ef52-11ac-4031-8027-1a625834a16c.pak			
309	[YNG] Himbofied Halsin	suro	YS_Halsin_1c9103e5-dff1-4308-b1b8-da019e0c4e74.pak			
310	Sending_Stone_Wyll	CharmaineCC	Sending_Stone_Wyll_a631f522-c597-454a-9389-7e5b61b62cf2.pak			
311	Shadowheart Hair Options - Bakery Buns	anshela	ShadOBuns_72a6345e-ab9e-4ed8-bf75-32edd5102e14.pak			
312	Warlock Unleashed - Ultimate Warlock	Mharius	Warlock Unleashed - Ultimate Warlock_975a225c-bce0-4e4c-85c9-ea17bc24e0bb.pak			
313	Sorcerer Unleashed	Mharius	Sorcerer Unleashed_27e0fdce-353b-4e0b-b941-e6946c445b8c.pak			
314	Half-Elf Unleashed	Mharius	Half-Elf Unleashed_26338836-bcaa-4f11-9d90-d4cb126643aa.pak			
315	Drow Unleashed - Ultimate	Mharius	Drow Unleashed_5e7d96a2-b2c2-4289-8648-881d6033e9ce.pak			
316	Barbarian Unleashed	Mharius	Barbarian Unleashed_d3e36a1b-e878-4f30-aac9-47ec7e0a524c.pak			
317	Bard Unleashed	Mharius	Bard Unleashed_aa32769a-6c61-4824-953f-883405e917f0.pak			
318	Cleric Unleashed	Mharius	Cleric Unleashed_628077bb-d047-4297-8c36-e9e7de57741e.pak			
319	Druid Unleashed	Mharius	Druid Unleashed_182753df-7d57-4a35-bbd9-9e996f185236.pak			
320	Elf Unleashed	Mharius	Elf Unleashed_74258823-ada6-40ab-b83a-eaf59509e20b.pak			
321	Fighter Unleashed	Mharius	Fighter Unleashed_d883c6cc-1383-4e06-ba73-b666917a0662.pak			
322	Githyanki Unleashed - Astral Guardians	Mharius	Githyanki Unleashed - Astral Guardians_c5247bc8-0e56-460d-9f83-828d8495d4c0.pak			
323	Human Unleashed	Mharius	Human Unleashed_f645c0e9-81bc-4b7f-ad71-b511fca7a8a8.pak			
324	Rogue Unleashed	Mharius	Rogue Unleashed_c3df2c54-8c3e-4ad2-8a47-c7c0c06c0639.pak			
325	Shadowheart Unleashed - Domain Combinations	Mharius	Shadowheart Unleashed - Domain Combinations_2f0a36d4-3452-4471-821f-1bde93f4bfaf.pak			
326	Tiefling Unleashed	Mharius	Tiefling Unleashed_dba2c7da-b6ae-4ee1-8d99-11e5dc9feef5.pak			
327	Wizard Unleashed	Mharius	Wizard Unleashed_3164ade6-e190-4354-a0d2-09f1b744750d.pak			
328	Terpsichore — The Blade's Armour	Aetherpoint	Terpsichore_Armour_18b798a4-8ed9-4938-b671-bde042fe863c.pak			
329	Terpsichore — Wyll Hair	AIMRYAX	Terpsichore_Hair_6be5565e-7e0d-4edd-bb35-84e68d98d900.pak			
330	Terpsichore — Ravengard	AIMRYAX	Terpsichore_Ravengard_54fa2f1c-610b-4a94-8dea-b3701182478e.pak			
Override	Terpsichore - Wyll Portraits	xJustAdam	Terpsichore - Wyll Portraits_d5bd3c76-3527-44e2-8886-30aef1f28b99.pak			
332	Find Familiar - Owlbear Cub	Aetherpoint	FindFamiliarOwlbearCub_485d65ce-c76b-4c2f-8256-e90e9cba365b.pak			
333	TradeWithWithers	yakuzadeso	TradeWithWithers_c7c3ba79-97bd-411e-82f4-1c615e9945a7.pak	Gameplay		
334	RichTraders	yakuzadeso	RichTraders_ede9c8dc-3eb9-492b-af3b-50c6e77901db.pak	Gameplay		
335	Waypoint Inside Emerald Grove	Volitio	WaypointInsideEmeraldGrove_e342ee75-f7c9-4aeb-b6de-403991578337.pak		VolitionCabinet, Mod Configuration Menu	
336	CBR_Hugs	Cerberry	CBR_Hugs_cacbb24c-2650-4588-a0d2-5eb29eb80e98.pak			
337	CBR_Kisses	Cerberry, Moxi	CBR_Romance_880a9d7f-9f2a-4448-8f49-7c9a2f9f40b8.pak			
338	[BS] Dye Support for Shields	Bluesatin	BS-DyeSupportForShields_37e450bf-009b-4a82-8845-23940b0c3430.pak			
339	Aether's Black Dye	Aetherpoint	AethersBlackDye_53480625-d3e4-4cce-86c8-a8a793eb61d7.pak			
340	AS_ExtraDyes_Bundle	AstralSprout	AS_ExtraDyes_Bundle_255b2fda-2e05-4dad-b5e6-28587cea4854.pak			
341	Izzli's Pigments - A Dye Mod	Izzli	IZ_Pigments_76ff2472-bd2d-f645-cd23-3cef07559f6f.pak		GustavDev	
342	HW_NPC_Dyes	HeartsWires	HW_NPC_Dyes_8c6e9d41-9e34-4bcf-8fd5-6e5ccfddcaa8.pak			
343	Psychotter's Gothic Dyes - Bright Metal Version	Psychotter	Goth_Dyes_5036992b-bd02-4c07-9b7f-332e3045b942.pak			
344	Allure - Stylish and diverse dyes	WarmHealerr	Warm_Dyes_23fa39d3-2194-416c-9df1-a304097d25ff.pak			
345	TC_Dyes	TC	TC_Dyes_011d7668-c586-4104-8a14-89c46adcfc74.pak			
346	EngelsDyes	EngelsXIII	EngelsDyes_c3c39d3a-56a7-4d24-a335-4fe5505e3bbe.pak			
347	Dyes_FlowerPower	lavenderlanner	Dyes_FlowerPower_99c96050-042a-4244-80c4-756f46b7b50e.pak			
348	Dyes of Faerun	Aloija	DoF_383180fa-011a-4aa0-8749-1b7b7e06a8a5.pak			
349	Draconic Dyes	RadonWolf	RW_DraconicDyes_93661131-47d9-415a-996f-a590f3d3397d.pak			
350	Kawaii's Dye Catalog	Kawaii	Kawaii's Dye Catalog_e1dee9b8-8e98-4d8c-bd5a-b8868d911bed.pak			
351	FaerunColors	TechRoot	FaerunColors_a669cf0b-926c-4d50-988d-59bc089a0df2.pak		GustavDev, GustavX	
352	Allure - Stylish and Diverse Dyes	Warmhealerr	AllureDyes_04c368a2-5b15-b929-6326-faf415e78f68.pak		GustavDev, GustavX	
353	Kingpin's Attire	arideyya	KingpinsAttire_fca6ef71-8193-4b4d-a543-8233fc7ca645.pak			
354	Better Inventory UI	Caites	BetterInventoryUI_6b585be8-ed73-7347-2c58-73146e22b7d4.pak			
355	AddonBetterInventoryUI	Caites	AddonBetterInventoryUI_8c7d3408-a746-5022-348b-1635e14af044.pak			
356	Better Dyeing	Caites	BetterDyeing_03b0b84a-2689-77c2-5ef6-ebcf88b88037.pak			
357	REL_SE	Eumeta	REL_SE_8f23afc7-2354-42e0-844f-80445bf72f36.pak		Mod Configuration Menu	
358	Druid Wild Shape Overhaul	ShadyDax	DruidWildShapeOverhaul_274cf3f1-f043-4e1f-8acf-b2e79c3630b8.pak			
359	ASTRL Glowing Eyes	Astralities	ASTRLglowingeyes_d1927184-8763-4d70-ae52-8295f791548a.pak			
360	UniversalArmourFixer	wesslen	UniversalArmourFixer_cabe6d93-e26a-473a-9b04-8717015bd51f.pak			
361	PixellBytes' Adjustable Party Limit	PixellBytes	configurablepartylimit_33c1de8-bwds.pak		GustavDev, GustavX	
362	Fade's Equipment Distribution	GraphicFade	FED_SE.pak		GustavDev	
363	ASTRL Draconic Sorcerer Scale Colors	Astralities	ASTRL_DraconicSorcererScales_f97666c7-f4d0-4f97-b772-1e8ad643b7f7.pak			
364	Everybody Dyes Unlimited Dyeing.	Loktide	EverybodyDyes_bad404aa-feed-a0ee-9999-feedfeed0002.pak			
Override	a1_distinctive_dyes	grimsyxd	a1_distinctive_dyes_bf41067d-b809-499f-803e-47a62fbf5daf.pak			
366	Carry Weight Increased 9000 - Standalone Pickup More	Mharius	Carry Weight Increased 9000 - Pickup_92af0ebd-a04c-4e9c-8306-b947aac4c128.pak			
367	TradeWithWithersResetInventory	yakuzadeso	TradeWithWithersResetInventory_fab6a124-7087-4693-89ba-4ebd4dc8fe0b.pak	Gameplay		
368	OBSC_Wind_of_Purity	Obscen1ty	OBSC_Wind_of_Purity_002797ec-1959-4354-9578-334b9b5730bd.pak			
369	CL_Drowned In Moonlight	copperleaves	CL_DrownedInMoonlight.pak		GustavX	
370	Midnight Dress	maelle	Back_Dress_43fc415a-f118-5526-39de-bb0541980cbe.pak		GustavX	
371	Myky's Accessories	myky	Myky's Accessories.pak		GustavX	
372	Seductive leather armor	Bububull	Bububull_Misc_armors_33945f12-1fe2-4381-8bf5-2ab4b9c04629.pak			
373	Esme's Selunite Circlet	preciouslittle-bhaalbabe	EsmesCirclet_3f21174b-2a34-412e-8e44-2da18a03a7ed.pak			
374	Triss Wardrobe	Bububull	triss_wardrobe_bb8d0ceb-77d5-44d9-ba2f-fc2d9d1703b7.pak			
375	Yennefer's wardrobe	bububull	Bububull_Yennefer_10ef0c70-d21b-4b11-a5f1-7fa1004d7896.pak			
376	Lynia's Summer Collection	Lynia	Lynia2025SummerCollection_e6543b36-e010-4e01-9649-061fb47462f6.pak			
377	Shani's wardrobe	Bububull	Shani_wardrobe_fb23e2b4-0b85-4cbc-88b9-95fb8ef6bc42.pak			
378	Deepspace Piercings	Askew	LaDSPiercings_1c8f375d-fed0-4cf6-b349-b818b1e79797.pak			
379	Fancy noble gear	Bububull	Bububull_Duelist_3ddd8e03-320e-4842-89cc-1cacdd6bd9e5.pak			
380	Bububull's Lolth-sworn dress	Bububull	bububull_reddress_6f95c4bc-3c0e-4ba4-b3fd-9bf084ccd881.pak			
381	Bububull's peacock gown	Bububull	Bububull_peacock_gown_8d72b5cb-0f07-491e-a307-2815d9f0f4f4.pak			
382	The Underdark's Songbird armor	Bububull	Bububull_Underdark_Songbird_armor_0eb93f44-00de-49f6-b370-28bb301d4c9c.pak			
383	SR Divinity	SRendition	SR_Divinity_43cbe694-2882-4e4b-a6b0-df3aa15f226d.pak			
384	SR_Divinity_ReplacerMystraDress	SRendition	SR_Divinity_ReplacerMystraDress_896c9cc3-0d36-4f0c-8be3-7bc86e5b64ab.pak			
385	[Aza] NPC Redesign (The Emerald Grove)	AzazeL	Aza_NPCre_TheEmeraldGrove.pak		GustavDev	
386	[Aza] NPC Redesign (Church of Shar - Full)	AzazeL	Aza_NPCre_ChurchOfShar_Full.pak		DiceSet_01, DiceSet_02, DiceSet_03, DiceSet_06, MainUI, ModBrowser, SharedDev, Gustav, GustavDev	
387	[Aza] NPC Redesign (Gortash)	AzazeL	Aza_NPCre_Gortash.pak		GustavDev	
388	[Aza] NPC Redesign: Mystra (Alt. Head + SR_Divinity Patch)	AzazeL	Aza_NPCre_Mystra_SRDivinityPatch_AltHead.pak		GustavDev, SR Divinity	
389	[Aza] NPC Redesign: Cazador Szarr	AzazeL & Moon Blossom	Aza_NPCre_Cazador.pak			
390	[Aza] Sharran Weaponry (WIP)	AzazeL	Aza_Sharran_Weaponry_WIP.pak		GustavDev	
391	No Empty Chests	Me	NEC_36de5ce3-1295-48bb-b06d-1d6444a90836.pak			
392	Mod Uninstaller	Volitio	ModUninstaller_163484d1-8511-4a95-8061-1ede8838b28b.pak		Volition Cabinet, Mod Configuration Menu	
393	VFX_Library_SHV	Shivero	VFX_Library_SHV_dd19db12-96c0-4bca-9ef6-e8d733801d23.pak			
394	VFX_Vault_SHV	Shivero	VFX_Vault_SHV_f51ce3e4-fe0d-42e8-a4f1-b7234c9b7e9c.pak			
395	AV Item Shipment Framework	Aetherpoint, Volitio	AVItemShipmentFramework_e6333436-9cf0-4464-aaf2-39246292575e.pak		VolitionCabinet	
Override	ModFixer		Gustav_C:\Users\pamel\AppData\Local\Larian Studios\Baldur's Gate 3\Mods\ModFixer.pak			